Enrollment,Name,Date,Time

1,nj,2024-01-13,12:33:35

1,nj,2024-01-13,12:34:03

1,manu,2024-01-13,12:45:45

1,manmeet,2024-01-13,13:00:42

1,manmeet,2024-01-13,13:08:55

1,nj,2024-01-13,14:42:23

1,mnn,2024-01-13,14:48:36

1,j,2024-01-13,14:49:11

1,nn,2024-01-13,15:30:05

1,cd,2024-01-13,15:49:01

1,c,2024-01-13,15:52:21

1,d,2024-01-13,15:58:22

1,sd,2024-01-13,16:03:12

1,gf,2024-01-13,16:10:32

1,h,2024-01-13,16:52:47

1,pragya,2024-01-13,17:03:08

1,v,2024-01-13,17:12:42

1,c,2024-01-13,17:15:49

1,d,2024-01-13,17:29:02
2,d,2024-01-13,17:30:14
2,d,2024-01-13,17:30:59
1,g,2024-01-13,17:33:17
132,scsd,2024-01-13,17:48:35
6,l,2024-01-13,17:53:33
1,efd,2024-01-13,18:51:18
1,fgdf,2024-01-13,18:57:57
12,vvf,2024-01-13,19:03:07
1,manmeet,2024-01-13,19:10:49
48,Nishant ,2024-01-13,19:12:09
1,hggh,2024-01-15,19:34:29
1,manu,2024-01-15,19:41:19
2,manu,2024-01-15,19:45:06
1,nj,2024-01-15,20:03:17
1,m,2024-01-16,10:51:44
5,n,2024-01-16,11:00:39
512,man,2024-01-16,11:11:40
5,l,2024-01-16,11:14:48
1,vjjj,2024-01-16,11:20:02
90,Gunjan,2024-01-16,12:19:52
29,kutkut,2024-01-16,17:49:16
29,Gunjan,2024-01-16,17:52:20
800,abhay,2024-01-21,14:44:43
3,s,2024-01-24,10:35:01
100,shashank,2024-01-24,10:45:48
1000,aamod kumar,2024-02-16,14:56:11
1,manmeet,2024-02-26,20:24:01
1,manmeet,2024-02-26,20:27:53
